title,link,date,excerpt
Chemistry professor helps dancers and choreographers own their art,https://news.mcmaster.ca/chemistry-professor-helps-dancers-and-choreographers-own-their-art/,2025-10-09T09:44:39,"<p>Joseph Okeme expects puzzled looks when he talks about his start-up company. Idometrics – which just landed in the App Store – uses AI and blockchain to prevent dance plagiarism in the Age of TikTok. But Okeme isn’t a dancer and doesn’t have a technical background. He’s an assistant professor in the Department of Chemistry [&#8230;]</p>
<p><a class=""btn btn-secondary understrap-read-more-link"" href=""https://news.mcmaster.ca/chemistry-professor-helps-dancers-and-choreographers-own-their-art/"">Read More&#8230;</a></p>
"
McMaster ranks among the world’s best for research excellence and industry partnerships ,https://news.mcmaster.ca/mcmaster-times-higher-education-rankings-2026/,2025-10-09T09:27:28,"<p>McMaster has been ranked fourth in Canada and is among the top 100 public universities globally in the 2026 Times Higher Education World University Rankings (WUR). The prestigious international ranking places McMaster among the world’s leading universities for research excellence and strong partnerships with industry. Overall, McMaster ranked 116th in a field of more than [&#8230;]</p>
<p><a class=""btn btn-secondary understrap-read-more-link"" href=""https://news.mcmaster.ca/mcmaster-times-higher-education-rankings-2026/"">Read More&#8230;</a></p>
"
Pier review: New canoe launch gets people close to nature in Cootes Paradise,https://news.mcmaster.ca/pier-review-new-canoe-launch/,2025-10-09T09:07:17,"<p>Paddling in Paradise is more accessible to McMaster and Hamilton than ever before – thanks to a new canoe launch built by the McMaster Outdoor Club.   Located on the lower campus, near the McMaster helipad, the launch point gives canoe access to Ancaster Creek and Cootes Paradise.   “McMaster is so lucky to be on [&#8230;]</p>
<p><a class=""btn btn-secondary understrap-read-more-link"" href=""https://news.mcmaster.ca/pier-review-new-canoe-launch/"">Read More&#8230;</a></p>
"
Nicholas Brathwaite announced as McMaster’s next chancellor,https://news.mcmaster.ca/nicholas-brathwaite-appointed-mcmasters-next-chancellor/,2025-10-08T17:13:24,"<p>Nicholas Brathwaite, a visionary technologist and investor, seasoned entrepreneur, inspired philanthropist and dedicated alumnus, will serve as McMaster’s next chancellor. Brathwaite brings a legacy of innovation, global leadership and deep commitment to education and equity to the role. Born on the island of Carriacou, Grenada, Brathwaite earned a degree in Applied Chemistry from McMaster in [&#8230;]</p>
<p><a class=""btn btn-secondary understrap-read-more-link"" href=""https://news.mcmaster.ca/nicholas-brathwaite-appointed-mcmasters-next-chancellor/"">Read More&#8230;</a></p>
"
Libraries Reach Out Project addresses student loneliness,https://news.mcmaster.ca/libraries-reach-out-project-addresses-student-loneliness/,2025-10-08T14:55:53,"<p>McMaster University Libraries have launched a series of drop-in and registered programs designed to foster community and belonging. From book clubs and craft sessions to game nights and cultural events, Reach Out Project initiatives aim to create welcoming spaces where students can meet and bond over shared interests. “A strong sense of belonging is directly [&#8230;]</p>
<p><a class=""btn btn-secondary understrap-read-more-link"" href=""https://news.mcmaster.ca/libraries-reach-out-project-addresses-student-loneliness/"">Read More&#8230;</a></p>
"
Notice of byelections ,https://news.mcmaster.ca/notice-of-byelections-oct-2025/,2025-10-08T14:31:12,"<p>Byelections will be held on Oct. 22 and Oct. 23 to fill teaching staff and student vacancies on the University’s governing bodies. Visit the University Secretariat website for more details. The elections will be conducted online via MacVote. [&#8230;]</p>
<p><a class=""btn btn-secondary understrap-read-more-link"" href=""https://news.mcmaster.ca/notice-of-byelections-oct-2025/"">Read More&#8230;</a></p>
"
"Food, identity, sovereignty and health: Kendal Garlow connects the dots",https://news.mcmaster.ca/food-identity-sovereignty-and-health-kendal-garlow-connects-the-dots/,2025-10-08T12:52:16,"<p>Researcher and entrepreneur Kendal Garlow knows that locally grown food can – and does – change lives.   Garlow is Mohawk and Wolf Clan from Six Nations of the Grand River. A student in the inaugural cohort of the Master of Indigenous Studies, Garlow is studying Indigenous food systems and supporting food sovereignty.  Throughout the course [&#8230;]</p>
<p><a class=""btn btn-secondary understrap-read-more-link"" href=""https://news.mcmaster.ca/food-identity-sovereignty-and-health-kendal-garlow-connects-the-dots/"">Read More&#8230;</a></p>
"
New toolkit helps community groups take leading role in data management,https://news.mcmaster.ca/new-toolkit-helps-community-groups-take-leading-role-in-data-management/,2025-10-07T14:14:45,"<p>A new toolkit is empowering community organizations to manage the data they collect through research projects and partnerships with other researchers and data professionals. The Community Research Data Toolkit lives online in open-access formats available and adaptable for use by everyone at no cost. While data management practices are often associated with numbers-based research, the [&#8230;]</p>
<p><a class=""btn btn-secondary understrap-read-more-link"" href=""https://news.mcmaster.ca/new-toolkit-helps-community-groups-take-leading-role-in-data-management/"">Read More&#8230;</a></p>
"
Sandra Lapointe wins National Trailblazer Award for Innovation Policy,https://news.mcmaster.ca/sandra-lapointe-wins-national-trailblazer-award-for-innovation-policy/,2025-10-07T10:27:11,"<p>Philosophy professor Sandra Lapointe has been awarded the 2025 Trailblazer Award for Innovation Policy by the Canadian Science Policy Centre, recognizing her groundbreaking contributions to shaping Canada’s science and innovation landscape. Lapointe, a nationally respected voice for advancing social innovation and science policy, is the founder and director of the Canadian Collaborative for Society, Innovation [&#8230;]</p>
<p><a class=""btn btn-secondary understrap-read-more-link"" href=""https://news.mcmaster.ca/sandra-lapointe-wins-national-trailblazer-award-for-innovation-policy/"">Read More&#8230;</a></p>
"
McMaster’s Sustainability Report goes social-first for campus sustainability month,https://news.mcmaster.ca/learn-about-campus-sustainability-with-daily-instagram-posts/,2025-10-07T09:51:51,"<p>It&#8217;s Campus Sustainability Month and McMaster’s 2024–25 Sustainability Report will be shared throughout October through the Office of Sustainability’s Instagram account.   Each day, @SustainableMac will highlight a story or event that reflects one of the university’s four strategic sustainability drivers, making it easier for the campus community to engage with sustainability work underway across [&#8230;]</p>
<p><a class=""btn btn-secondary understrap-read-more-link"" href=""https://news.mcmaster.ca/learn-about-campus-sustainability-with-daily-instagram-posts/"">Read More&#8230;</a></p>
"
Researchers discover new antibiotic for IBD — and AI correctly predicts how it works,https://news.mcmaster.ca/researchers-discover-new-antibiotic-for-ibd-and-ai-correctly-predicts-how-it-works/,2025-10-03T11:05:34,"<p>Researchers at McMaster University and the Massachusetts Institute of Technology (MIT) have made two scientific breakthroughs at once: They not only discovered a brand-new antibiotic that targets inflammatory bowel diseases (IBD), but also used a new type of AI to successfully predict exactly how the drug works. To their knowledge, this a global first for [&#8230;]</p>
<p><a class=""btn btn-secondary understrap-read-more-link"" href=""https://news.mcmaster.ca/researchers-discover-new-antibiotic-for-ibd-and-ai-correctly-predicts-how-it-works/"">Read More&#8230;</a></p>
"
McMaster startup livestreams surgeries to students and doctors globally,https://news.mcmaster.ca/mcmaster-startup-livestreams-surgeries-to-students-and-doctors-globally/,2025-10-03T10:22:02,"<p>A startup launched as a pandemic solution for medical students has grown into a global platform for educating and inspiring students and doctors around the world.  Vivo Surgery, co-founded by McMaster surgery professor Aleksa Cenic, has developed a web-based platform that livestreams surgeries to remote learners on their laptops. Initially created for medical students, the [&#8230;]</p>
<p><a class=""btn btn-secondary understrap-read-more-link"" href=""https://news.mcmaster.ca/mcmaster-startup-livestreams-surgeries-to-students-and-doctors-globally/"">Read More&#8230;</a></p>
"
Second-year student Shehraz Riar awarded Fessenden-Trott Scholarship,https://news.mcmaster.ca/second-year-student-shehraz-riar-awarded-fessenden-trott-scholarship/,2025-10-03T10:10:26,"<p>Shehraz Riar, a second-year McMaster University student, has been selected as a recipient of the Fessenden-Trott Scholarship. Riar, who is in the Honours Health Science Program, is one of four recipients accepting the scholarship this year, which recognizes academic excellence, leadership, and community engagement.   “I grew up thinking research and policy belonged only in big [&#8230;]</p>
<p><a class=""btn btn-secondary understrap-read-more-link"" href=""https://news.mcmaster.ca/second-year-student-shehraz-riar-awarded-fessenden-trott-scholarship/"">Read More&#8230;</a></p>
"
How bacteria attack: Recent studies from McMaster reveal new details about bacterial toxins,https://news.mcmaster.ca/how-bacteria-attack-recent-studies-from-mcmaster-reveal-new-details-about-bacterial-toxins/,2025-10-02T16:33:56,"<p>Bacteria survive by building strong walls of protection around themselves, but these walls are more than just a passive defence measure. For many disease-causing bacteria, the cell wall also contains an arsenal of hidden weapons.   These weapons are called “secretion systems” — elaborate mechanisms through which bacteria release potent toxins into the world around them.   [&#8230;]</p>
<p><a class=""btn btn-secondary understrap-read-more-link"" href=""https://news.mcmaster.ca/how-bacteria-attack-recent-studies-from-mcmaster-reveal-new-details-about-bacterial-toxins/"">Read More&#8230;</a></p>
"
Libraries launch Year of Environmental Action,https://news.mcmaster.ca/libraries-launch-year-of-environmental-action/,2025-10-02T16:17:59,"<p>McMaster University Libraries are inviting the community to take part in a year of engaging programming centred around environmental action. In collaboration with campus and community partners, Year of Environmental Action will help bring attention to the libraries’ ongoing priority of sustainability, and will present a series of events, collections, resources, exhibits and initiatives focused [&#8230;]</p>
<p><a class=""btn btn-secondary understrap-read-more-link"" href=""https://news.mcmaster.ca/libraries-launch-year-of-environmental-action/"">Read More&#8230;</a></p>
"
In Photos: Orange Shirt Day at McMaster,https://news.mcmaster.ca/in-photos-orange-shirt-day-at-mcmaster/,2025-10-02T12:44:46,"<p>Swipe through the gallery below to catch up on the food tree planting that is part of the rehabilitation of part of lower campus; Truth and Reconciliation soccer games organized by Athletics and Recreation and the Indigenous Student Athlete Council; the jerseys players wore at the games with the new Marauders logo; and other events [&#8230;]</p>
<p><a class=""btn btn-secondary understrap-read-more-link"" href=""https://news.mcmaster.ca/in-photos-orange-shirt-day-at-mcmaster/"">Read More&#8230;</a></p>
"
"Your name, your way: Update your chosen/preferred first name in Mosaic ",https://news.mcmaster.ca/your-name-your-way-update-your-chosen-preferred-first-name-in-mosaic/,2025-10-02T10:24:03,"<p>Your name is part of who you are. McMaster is making it easier for you to choose how your first name appears across the university&#8217;s digital systems.   Starting Nov. 3, your chosen/preferred first name in Mosaic will automatically sync to Microsoft 365 (Outlook, Teams, etc.). This change supports inclusion and reduces the need for [&#8230;]</p>
<p><a class=""btn btn-secondary understrap-read-more-link"" href=""https://news.mcmaster.ca/your-name-your-way-update-your-chosen-preferred-first-name-in-mosaic/"">Read More&#8230;</a></p>
"
Keziah Gibbs brings STEM to life for kids and teens,https://news.mcmaster.ca/keziah-gibbs-brings-science-to-life-for-kids-and-teens/,2025-10-01T15:15:49,"<p>People of McMaster celebrates the incredible people who help make McMaster a great place to work, learn, teach and conduct research. This is the 13th instalment of this series. Click here for the previous one. As Program Lead with McMaster Engineering’s Community Outreach team, recent Life Sciences graduate Keziah Gibbs oversees Venture Academy — the [&#8230;]</p>
<p><a class=""btn btn-secondary understrap-read-more-link"" href=""https://news.mcmaster.ca/keziah-gibbs-brings-science-to-life-for-kids-and-teens/"">Read More&#8230;</a></p>
"
"A hands-on experience in nuclear education, research and industry",https://news.mcmaster.ca/a-hands-on-experience-in-nuclear-education-research-and-industry/,2025-10-01T13:09:17,"<p>Willow Paraskevas spent a large part of her summer two floors underground, separated from the cool blue core of McMaster’s nuclear reactor by only a concrete wall. Harnessing a neutron beam, she performed work on a neutron diffractometer, an instrument few Canadian nuclear facilities have access to.  What sounds like a surreal experience was just [&#8230;]</p>
<p><a class=""btn btn-secondary understrap-read-more-link"" href=""https://news.mcmaster.ca/a-hands-on-experience-in-nuclear-education-research-and-industry/"">Read More&#8230;</a></p>
"
From McMaster to a front-row seat at Queen&#8217;s Park,https://news.mcmaster.ca/from-mcmaster-to-a-front-row-seat-at-queens-park/,2025-10-01T12:46:03,"<p>On the first day of his first job out of his undergraduate degree, David Landry went to work at Queen’s Park.   Landry, newly graduated from McMaster’s Arts &amp; Science program, has just started a 10-month nonpartisan internship, where he’ll be immersed in the work at the provincial legislature through the Ontario Legislature Internship Programme.  “The [&#8230;]</p>
<p><a class=""btn btn-secondary understrap-read-more-link"" href=""https://news.mcmaster.ca/from-mcmaster-to-a-front-row-seat-at-queens-park/"">Read More&#8230;</a></p>
"
PhD student&#8217;s work highlights &#8216;burdens of care&#8217; after incarceration,https://news.mcmaster.ca/phd-students-work-highlights-burdens-of-care-after-incarceration/,2025-10-01T12:20:19,"<p>Alysha McDonald wants you to know that incarcerated people – and their loved ones – are not as different from you as you might think.   McDonald is currently in the last year of her PhD in Sociology at McMaster University. Her work focuses on reintegration, identity, freedom and risk management of incarcerated men.   Her thesis [&#8230;]</p>
<p><a class=""btn btn-secondary understrap-read-more-link"" href=""https://news.mcmaster.ca/phd-students-work-highlights-burdens-of-care-after-incarceration/"">Read More&#8230;</a></p>
"
A new home to tell McMaster’s stories,https://news.mcmaster.ca/a-new-home-to-tell-mcmasters-story/,2025-10-01T08:04:18,"<p>On Oct. 1, 1930, McMaster University held its first classes at its new Hamilton campus, becoming an enduring and integral part of the fabric of this city.   McMaster was founded in 1887 in Toronto at what is now the headquarters for the Royal Conservatory of Music. As the University grew, however, McMaster Hall became overcrowded, [&#8230;]</p>
<p><a class=""btn btn-secondary understrap-read-more-link"" href=""https://news.mcmaster.ca/a-new-home-to-tell-mcmasters-story/"">Read More&#8230;</a></p>
"
Why donors give: Mac grad creates bursary in her father&#8217;s honour,https://news.mcmaster.ca/why-donors-give-mac-grad-creates-bursary-in-her-fathers-honour/,2025-09-29T16:57:50,"<p>For Lucille LeBlanc, it was like a lightbulb went off when she thought of the perfect way to honour her father. A proud graduate of McMaster’s Master of Public Policy and Administration program, LeBlanc had been thinking about creating a bursary to support the next generation of leaders in her field. Having spent her entire [&#8230;]</p>
<p><a class=""btn btn-secondary understrap-read-more-link"" href=""https://news.mcmaster.ca/why-donors-give-mac-grad-creates-bursary-in-her-fathers-honour/"">Read More&#8230;</a></p>
"
Office of the Registrar staff take collective learning journey ahead of National Day for Truth and Reconciliation ,https://news.mcmaster.ca/registrar-staff-take-indigenous-canada-course-together-ahead-of-national-day-for-truth-and-reconciliation/,2025-09-29T15:01:59,"<p>In the months leading up to the National Day for Truth and Reconciliation, a group of staff members in McMaster’s Office of the Registrar came together to deepen their learning of Indigenous history, strengthening their capacity to connect with and serve Indigenous students, faculty and staff. Starting in June, the group worked through Indigenous Canada, [&#8230;]</p>
<p><a class=""btn btn-secondary understrap-read-more-link"" href=""https://news.mcmaster.ca/registrar-staff-take-indigenous-canada-course-together-ahead-of-national-day-for-truth-and-reconciliation/"">Read More&#8230;</a></p>
"
5 ways settlers can learn about and contribute to truth and reconciliation,https://news.mcmaster.ca/5-ways-settlers-can-learn-about-and-contribute-to-truth-and-reconciliation/,2025-09-29T13:25:29,"<p>Orange Shirt Day, or the National Day for Truth and Reconciliation is a time to pause and remember the children who never returned home from residential schools and honour the survivors, their families and their communities. The day is also a reminder of the responsibility of each settler to engage with the ongoing process of [&#8230;]</p>
<p><a class=""btn btn-secondary understrap-read-more-link"" href=""https://news.mcmaster.ca/5-ways-settlers-can-learn-about-and-contribute-to-truth-and-reconciliation/"">Read More&#8230;</a></p>
"
Campus mail services will remain operational during Canada Post labour disruptions,https://news.mcmaster.ca/campus-mail-services-will-remain-operational-during-canada-post-labour-disruptions/,2025-09-29T10:34:16,"<p>As Canada Post workers begin their strike, the McMaster community should be aware of impacts to mail and package delivery.  McMaster&#8217;s Mail Services will continue to process all delivered lettermail and parcels as soon as possible.  During the labour disruption, any mail or packages intended to arrive on campus via Canada Post will be delayed. [&#8230;]</p>
<p><a class=""btn btn-secondary understrap-read-more-link"" href=""https://news.mcmaster.ca/campus-mail-services-will-remain-operational-during-canada-post-labour-disruptions/"">Read More&#8230;</a></p>
"
Analysis: Bill C-4 privacy enhancements are modest and fail to regulate politicians’ use of social bots,https://news.mcmaster.ca/analysis-bill-c-4-privacy-enhancements-are-modest-and-fail-to-regulate-politicians-use-of-social-bots/,2025-09-26T15:44:57,"<p>Sophia Melanson Ricciardone, McMaster University. This article is republished from The Conversation under a Creative Commons license. Read the original article. Have you ever felt fired up with moral indignation after reading a controversial tweet, or after watching a YouTube video about a political topic? Not only are you not alone, but these experiences online [&#8230;]</p>
<p><a class=""btn btn-secondary understrap-read-more-link"" href=""https://news.mcmaster.ca/analysis-bill-c-4-privacy-enhancements-are-modest-and-fail-to-regulate-politicians-use-of-social-bots/"">Read More&#8230;</a></p>
"
Byelections for student and teaching staff vacancies,https://news.mcmaster.ca/byelections-for-student-and-teaching-staff-vacancies/,2025-09-26T14:50:22,"<p>Student byelections to the Board of Governors and the Senate Byelections will be held on Oct. 22 and 23 to fill graduate and undergraduate student vacancies on the Senate, and graduate student vacancies on the Board of Governors and University Planning Committee. To submit a nomination, please visit the University Secretariat website for more details [&#8230;]</p>
<p><a class=""btn btn-secondary understrap-read-more-link"" href=""https://news.mcmaster.ca/byelections-for-student-and-teaching-staff-vacancies/"">Read More&#8230;</a></p>
"
Getting to know the new Provost: A Q&#038;A with Maureen MacDonald,https://news.mcmaster.ca/getting-to-know-the-new-provost-a-qa-with-maureen-macdonald/,2025-09-24T15:23:59,"<p>McMaster’s provost and vice-president (Academic) is responsible for teaching and learning, faculty development, student experience, and strategic budgeting and planning. From spin classes to systems change, Maureen MacDonald brings a unique blend of scientific curiosity and people-focused leadership to her new role. Here, she reflects on her role as provost, her time as dean of [&#8230;]</p>
<p><a class=""btn btn-secondary understrap-read-more-link"" href=""https://news.mcmaster.ca/getting-to-know-the-new-provost-a-qa-with-maureen-macdonald/"">Read More&#8230;</a></p>
"
Informal mentorship is part of the equation,https://news.mcmaster.ca/informal-mentorship-is-part-of-the-equation/,2025-09-23T13:56:00,"<p>Associate professor Caroline Junkins hosts informal office hours at a hallway table &#8211; a calculated decision to help make math class as equitable and inclusive as possible. [&#8230;]</p>
<p><a class=""btn btn-secondary understrap-read-more-link"" href=""https://news.mcmaster.ca/informal-mentorship-is-part-of-the-equation/"">Read More&#8230;</a></p>
"
From Pavement to the Presidency: Event celebrates new president and research,https://news.mcmaster.ca/from-pavement-to-the-presidency-event-celebrates-new-president-and-research/,2025-09-23T12:45:00,"<p>A panel discussion, featuring colleagues from President Susan Tighe&#8217;s civil engineering career, covered not only her sphere of expertise but also insights about her leadership and developments in the pavement industry. [&#8230;]</p>
<p><a class=""btn btn-secondary understrap-read-more-link"" href=""https://news.mcmaster.ca/from-pavement-to-the-presidency-event-celebrates-new-president-and-research/"">Read More&#8230;</a></p>
"
McMaster unveils Indigenous Marauder logo created by Cayuga Woodland artist Kyle Joedicke,https://news.mcmaster.ca/mcmaster-unveils-indigenous-marauder-logo-created-by-cayuga-woodland-artist-kyle-joedicke/,2025-09-23T12:28:00,"<p>Joedicke&#8217;s work blends Indigenous symbolism with McMaster tradition in a logo meant to foster belonging and reconciliation. [&#8230;]</p>
<p><a class=""btn btn-secondary understrap-read-more-link"" href=""https://news.mcmaster.ca/mcmaster-unveils-indigenous-marauder-logo-created-by-cayuga-woodland-artist-kyle-joedicke/"">Read More&#8230;</a></p>
"
What Bill C-4 means for privacy and political data in Canada: Q&#038;A with expert Sara Bannerman,https://news.mcmaster.ca/what-bill-c-4-means-for-privacy-and-political-data-in-canada-qa-with-expert-sara-bannerman/,2025-09-22T16:21:00,"<p>A clause in the federal government&#8217;s affordability bill could have lasting consequences for voter privacy and democratic accountability, says one McMaster expert. [&#8230;]</p>
<p><a class=""btn btn-secondary understrap-read-more-link"" href=""https://news.mcmaster.ca/what-bill-c-4-means-for-privacy-and-political-data-in-canada-qa-with-expert-sara-bannerman/"">Read More&#8230;</a></p>
"
McMaster welcomes two new leaders to the Equity and Inclusion Office,https://news.mcmaster.ca/mcmaster-welcomes-two-new-leaders-to-the-equity-and-inclusion-office/,2025-09-22T12:41:00,"<p>Rusan Lateef is the associate director of the Sexual Violence Prevention and Response Office (SVPRO), and Paula Hearn is the associate director of Accessibility and Disability Inclusion within the EIO. [&#8230;]</p>
<p><a class=""btn btn-secondary understrap-read-more-link"" href=""https://news.mcmaster.ca/mcmaster-welcomes-two-new-leaders-to-the-equity-and-inclusion-office/"">Read More&#8230;</a></p>
"
Celebrating a milestone for the Peter George Centre for Living and Learning,https://news.mcmaster.ca/celebrating-a-milestone-for-the-peter-george-centre-for-living-and-learning/,2025-09-19T16:10:00,"<p>&#8216;Everything he did was about giving students the greatest opportunities.&#8217; An event on Sept. 12 &#8211; Peter George&#8217;s birthday &#8211; honoured the profound impact and enduring legacy of McMaster&#8217;s sixth president. [&#8230;]</p>
<p><a class=""btn btn-secondary understrap-read-more-link"" href=""https://news.mcmaster.ca/celebrating-a-milestone-for-the-peter-george-centre-for-living-and-learning/"">Read More&#8230;</a></p>
"
Award-winning administrator takes a reluctant turn in the spotlight,https://news.mcmaster.ca/award-winning-administrator-takes-a-reluctant-turn-in-the-spotlight/,2025-09-19T16:03:00,"<p>Meet academic department manager Tanja Petrovic: Always willing to go the extra mile, and the first to offer support when a challenge arises. [&#8230;]</p>
<p><a class=""btn btn-secondary understrap-read-more-link"" href=""https://news.mcmaster.ca/award-winning-administrator-takes-a-reluctant-turn-in-the-spotlight/"">Read More&#8230;</a></p>
"
Analysis: Influencers of a bygone era: How late Victorian women artists mastered the art of networking,https://news.mcmaster.ca/analysis-influencers-of-a-bygone-era-how-late-victorian-women-artists-mastered-the-art-of-networking/,2025-09-19T15:02:00,"<p>Excluded from a male-dominated art world, women artists in early 20th-century London pioneered their own social networks, writes Triveni Srikaran. [&#8230;]</p>
<p><a class=""btn btn-secondary understrap-read-more-link"" href=""https://news.mcmaster.ca/analysis-influencers-of-a-bygone-era-how-late-victorian-women-artists-mastered-the-art-of-networking/"">Read More&#8230;</a></p>
"
McMaster startup NodeAI delivers more accurate lung cancer diagnoses,https://news.mcmaster.ca/mcmaster-startup-nodeai-offers-more-accurate-lung-cancer-diagnoses/,2025-09-19T12:31:00,"<p>NodeAI&#8217;s new diagnostic software uses ultrasound imaging of lymph nodes, instead of repeated, uncomfortable needle biopsies. [&#8230;]</p>
<p><a class=""btn btn-secondary understrap-read-more-link"" href=""https://news.mcmaster.ca/mcmaster-startup-nodeai-offers-more-accurate-lung-cancer-diagnoses/"">Read More&#8230;</a></p>
"
Homecoming&#8217;s Here &#8211; let&#8217;s keep it fun and safe!,https://news.mcmaster.ca/homecomings-here-lets-keep-it-fun-and-safe/,2025-09-18T09:42:00,"<p>As students get ready to enjoy Homecoming events on campus this Saturday September 20, McMaster is collaborating with the City of Hamilton and Hamilton Police Service to share information on how to stay safe. [&#8230;]</p>
<p><a class=""btn btn-secondary understrap-read-more-link"" href=""https://news.mcmaster.ca/homecomings-here-lets-keep-it-fun-and-safe/"">Read More&#8230;</a></p>
"
&#8216;We&#8217;re leading the way &#8211; right here at McMaster&#8217;: President Tighe&#8217;s installation marks a new chapter,https://news.mcmaster.ca/leading-the-way-right-here-at-mcmaster-president-susan-tighe-installation/,2025-09-17T12:49:00,"<p>Susan Tighe&#8217;s formal installation as McMaster&#8217;s ninth president and vice-chancellor today served as a moment of celebration of the university&#8217;s vibrant community, rich history and bright future. [&#8230;]</p>
<p><a class=""btn btn-secondary understrap-read-more-link"" href=""https://news.mcmaster.ca/leading-the-way-right-here-at-mcmaster-president-susan-tighe-installation/"">Read More&#8230;</a></p>
"
Analysis: Canada&#8217;s tariff wall on Chinese electric vehicles is deepening dependence on the U.S.,https://news.mcmaster.ca/analysis-canadas-tariff-wall-on-chinese-electric-vehicles-is-deepening-dependence-on-the-u-s/,2025-09-17T10:58:00,"<p>Lower, targeted tariffs on Chinese imports would ease financial pressures for Canadian consumers and mitigate Canada&#8217;s excessive reliance on the United States, writes Addisu Lashitew. [&#8230;]</p>
<p><a class=""btn btn-secondary understrap-read-more-link"" href=""https://news.mcmaster.ca/analysis-canadas-tariff-wall-on-chinese-electric-vehicles-is-deepening-dependence-on-the-u-s/"">Read More&#8230;</a></p>
"
A winning combination: 50 years of Engineering and Management,https://news.mcmaster.ca/a-winning-combination-50-years-of-engineering-and-management/,2025-09-16T10:12:00,"<p>The program has grown into a powerhouse of leadership development, with graduates who are shaping industries, organizations, and communities. [&#8230;]</p>
<p><a class=""btn btn-secondary understrap-read-more-link"" href=""https://news.mcmaster.ca/a-winning-combination-50-years-of-engineering-and-management/"">Read More&#8230;</a></p>
"
Live stream today: President Tighe&#8217;s installation,https://news.mcmaster.ca/live-stream-today-president-tighes-installation/,2025-09-16T10:10:00,"<p>Join the celebration of a milestone in McMaster&#8217;s history with Susan Tighe&#8217;s installation as president and vice-chancellor. [&#8230;]</p>
<p><a class=""btn btn-secondary understrap-read-more-link"" href=""https://news.mcmaster.ca/live-stream-today-president-tighes-installation/"">Read More&#8230;</a></p>
"
Archives Alive talk introduces Doves Press and Bindery Collection at McMaster,https://news.mcmaster.ca/archives-alive-talk/,2025-09-16T09:56:00,"<p>The event of the academic year celebrates a milestone acquisition at the William Ready Division of Archives and Research Collections. [&#8230;]</p>
<p><a class=""btn btn-secondary understrap-read-more-link"" href=""https://news.mcmaster.ca/archives-alive-talk/"">Read More&#8230;</a></p>
"
DeGroote welcomes faculty driving innovation across business disciplines,https://news.mcmaster.ca/degroote-welcomes-faculty-driving-innovation-across-business-disciplines/,2025-09-15T15:28:00,"<p>Get to know the latest faculty members at the DeGroote School of Business. [&#8230;]</p>
<p><a class=""btn btn-secondary understrap-read-more-link"" href=""https://news.mcmaster.ca/degroote-welcomes-faculty-driving-innovation-across-business-disciplines/"">Read More&#8230;</a></p>
"
Ancient DNA reveals deeply complex Mastodon family and repeated migrations driven by climate change,https://news.mcmaster.ca/ancient-dna-reveals-deeply-complex-mastodon-family-and-repeated-migrations-driven-by-climate-change/,2025-09-12T14:00:00,"<p>A new study from researchers at McMaster and Harvard has revealed the Ice Age giants migrated vast distances in response to shifting climates &#8211; and were far more genetically diverse than previously known. [&#8230;]</p>
<p><a class=""btn btn-secondary understrap-read-more-link"" href=""https://news.mcmaster.ca/ancient-dna-reveals-deeply-complex-mastodon-family-and-repeated-migrations-driven-by-climate-change/"">Read More&#8230;</a></p>
"
"New Public Policy executive director focused on training bold, innovative grads",https://news.mcmaster.ca/new-public-policy-executive-director/,2025-09-12T11:59:00,"<p>Graeme Stewart is the new executive director of McMaster&#8217;s Master of Public Policy program. We spoke with him about his plans for the program and the vital role of public policy in today&#8217;s world. [&#8230;]</p>
<p><a class=""btn btn-secondary understrap-read-more-link"" href=""https://news.mcmaster.ca/new-public-policy-executive-director/"">Read More&#8230;</a></p>
"
From Artsci to Bay Street,https://news.mcmaster.ca/from-artsci-to-bay-street/,2025-09-12T10:26:00,"<p>Rachel Lewars&#8217; interest in law was sparked in the Arts &#038; Science program. She spent her summer interning with a major Toronto law firm. [&#8230;]</p>
<p><a class=""btn btn-secondary understrap-read-more-link"" href=""https://news.mcmaster.ca/from-artsci-to-bay-street/"">Read More&#8230;</a></p>
"
Student takes full advantage of studying at Canada&#8217;s nuclear university,https://news.mcmaster.ca/student-takes-full-advantage-of-studying-at-canadas-nuclear-university/,2025-09-11T15:54:00,"<p>Fourth-year Integrated Science student Michal Houpt has gotten hands-on learning experiences, from touring the nuclear reactor to spending her summer working on a nuclear-related research project. [&#8230;]</p>
<p><a class=""btn btn-secondary understrap-read-more-link"" href=""https://news.mcmaster.ca/student-takes-full-advantage-of-studying-at-canadas-nuclear-university/"">Read More&#8230;</a></p>
"
Q&#038;A with Talon Singleton: Student behind this year&#8217;s Orange Shirt design at McMaster,https://news.mcmaster.ca/qa-with-talon-singleton-student-behind-this-years-orange-shirt-design-at-mcmaster/,2025-09-11T11:25:00,"<p>Singleton&#8217;s design was selected after Indigenous Student Services and the McMaster Campus Store invited local Indigenous student artists and recent graduates to create the 2025 Orange Shirt that will be sold on McMaster&#8217;s campus. [&#8230;]</p>
<p><a class=""btn btn-secondary understrap-read-more-link"" href=""https://news.mcmaster.ca/qa-with-talon-singleton-student-behind-this-years-orange-shirt-design-at-mcmaster/"">Read More&#8230;</a></p>
"
"Bird cliffs, bear clangers and northern lights: This is research life in the Arctic",https://news.mcmaster.ca/bird-cliffs-bear-clangers-and-northern-lights-this-is-research-life-in-the-arctic/,2025-09-10T15:03:00,"<p>Grad student Jolie Nguyen has spent two summers doing field work on an uninhabited Arctic island &#8211; surrounded by massive seabird colonies, polar bears, belugas and more. [&#8230;]</p>
<p><a class=""btn btn-secondary understrap-read-more-link"" href=""https://news.mcmaster.ca/bird-cliffs-bear-clangers-and-northern-lights-this-is-research-life-in-the-arctic/"">Read More&#8230;</a></p>
"
Remembering Bertram Brockhouse: McMaster professor emeritus and Nobel Prize laureate,https://news.mcmaster.ca/remembering-bertram-brockhouse-mcmaster-professor-emeritus-and-nobel-prize-laureate/,2025-09-10T11:50:00,"<p>Winning the Nobel Prize in Physics beamed Brockhouse out of retirement decades after his pioneering work with neutrons. [&#8230;]</p>
<p><a class=""btn btn-secondary understrap-read-more-link"" href=""https://news.mcmaster.ca/remembering-bertram-brockhouse-mcmaster-professor-emeritus-and-nobel-prize-laureate/"">Read More&#8230;</a></p>
"
National Day for Truth and Reconciliation: Events and Resources,https://news.mcmaster.ca/national-day-for-truth-and-reconciliation-events-and-resources-2/,2025-09-10T11:24:00,"<p>Members of the McMaster community are encouraged to attend an event, take part in reflection, and join in this important journey of learning and reconciliation. [&#8230;]</p>
<p><a class=""btn btn-secondary understrap-read-more-link"" href=""https://news.mcmaster.ca/national-day-for-truth-and-reconciliation-events-and-resources-2/"">Read More&#8230;</a></p>
"
Road scholar: President Susan Tighe is driving change at McMaster,https://news.mcmaster.ca/road-scholar-president-susan-tighe-is-driving-change-at-mcmaster/,2025-09-10T09:56:00,"<p>Tighe is bringing her integrated, long-range view to her role as McMaster University&#8217;s ninth President and Vice-Chancellor, applying the problem-solving skills and experience she developed while working in the private, public and academic sectors. [&#8230;]</p>
<p><a class=""btn btn-secondary understrap-read-more-link"" href=""https://news.mcmaster.ca/road-scholar-president-susan-tighe-is-driving-change-at-mcmaster/"">Read More&#8230;</a></p>
"
"Program trains next generation of biostatisticians, the &#8216;architects&#8217; of clinical trials",https://news.mcmaster.ca/program-trains-next-generation-of-biostatisticians-the-architects-of-clinical-trials/,2025-09-09T14:50:00,"<p>The Canadian Network for Statistical Training in Trials (CANSTAT) is a multi-institutional national program hosted at McMaster that trains junior statisticians in clinical trials and addresses the critical shortage of biostatisticians in Canada. [&#8230;]</p>
<p><a class=""btn btn-secondary understrap-read-more-link"" href=""https://news.mcmaster.ca/program-trains-next-generation-of-biostatisticians-the-architects-of-clinical-trials/"">Read More&#8230;</a></p>
"
"Health science, simplified: Course helps grad students talk about their research plainly",https://news.mcmaster.ca/health-science-simplified-course-helps-grad-students-talk-about-their-research-plainly/,2025-09-09T14:35:00,"<p>With growing misinformation and skepticism, communicating research in a simple and easy-to-understand way has never been more important. A graduate-level course at McMaster University is helping students navigate this important skill set. [&#8230;]</p>
<p><a class=""btn btn-secondary understrap-read-more-link"" href=""https://news.mcmaster.ca/health-science-simplified-course-helps-grad-students-talk-about-their-research-plainly/"">Read More&#8230;</a></p>
"
McMaster libraries sign on as new partner with Hamilton Reads,https://news.mcmaster.ca/hamilton-reads/,2025-09-09T13:00:00,"<p>The annual Hamilton Reads initiative celebrates a book penned by a local author. [&#8230;]</p>
<p><a class=""btn btn-secondary understrap-read-more-link"" href=""https://news.mcmaster.ca/hamilton-reads/"">Read More&#8230;</a></p>
"
Hendrik Poinar receives prestigious Dawson Medal from the Royal Society of Canada,https://news.mcmaster.ca/hendrik-poinar-receives-prestigious-dawson-medal-from-the-royal-society-of-canada/,2025-09-09T09:03:00,"<p>McMaster professor Hendrik Poinar has received the prestigious Sir John William Dawson Medal from the Royal Society of Canada. [&#8230;]</p>
<p><a class=""btn btn-secondary understrap-read-more-link"" href=""https://news.mcmaster.ca/hendrik-poinar-receives-prestigious-dawson-medal-from-the-royal-society-of-canada/"">Read More&#8230;</a></p>
"
$5-million gift recognizes McMaster&#8217;s long-standing leadership in Indigenous education,https://news.mcmaster.ca/5-million-gift-recognizes-mcmasters-long-standing-leadership-in-indigenous-education/,2025-09-09T08:57:00,"<p>In recognition of McMaster&#8217;s long-standing leadership in Indigenous education, the Mastercard Foundation has made a remarkable $5-million gift to elevate innovation in academic programs, supports and services for Indigenous students at McMaster. [&#8230;]</p>
<p><a class=""btn btn-secondary understrap-read-more-link"" href=""https://news.mcmaster.ca/5-million-gift-recognizes-mcmasters-long-standing-leadership-in-indigenous-education/"">Read More&#8230;</a></p>
"
Lyons New Media Centre celebrates 15th anniversary,https://news.mcmaster.ca/lyons-new-media-centre-celebrates-15th-anniversary/,2025-09-08T15:07:00,"<p>Lyons New Media Centre gives the McMaster community access to unique media equipment and services, including 3D printers, a media production room, DSLR cameras and more. This &#8220;hidden gem&#8221; will be celebrated on Sept. 15 with a drop-in open house. [&#8230;]</p>
<p><a class=""btn btn-secondary understrap-read-more-link"" href=""https://news.mcmaster.ca/lyons-new-media-centre-celebrates-15th-anniversary/"">Read More&#8230;</a></p>
"
&#8216;You can&#8217;t get more experiential than field camp&#8217;,https://news.mcmaster.ca/you-cant-get-more-experiential-than-field-camp/,2025-09-08T14:56:00,"<p>In Northern Ontario, dozens of McMaster students got a hands-on introduction to the field equipment and methodologies used by earth and environmental scientists. [&#8230;]</p>
<p><a class=""btn btn-secondary understrap-read-more-link"" href=""https://news.mcmaster.ca/you-cant-get-more-experiential-than-field-camp/"">Read More&#8230;</a></p>
"
Powering the future: the role of nuclear in an AI-driven world,https://news.mcmaster.ca/powering-the-future-the-role-of-nuclear-in-an-ai-driven-world/,2025-09-08T11:56:00,"<p>As energy demands rise, AI companies are exploring nuclear power as a long-term solution. [&#8230;]</p>
<p><a class=""btn btn-secondary understrap-read-more-link"" href=""https://news.mcmaster.ca/powering-the-future-the-role-of-nuclear-in-an-ai-driven-world/"">Read More&#8230;</a></p>
"
Celebrate McMaster&#8217;s new president and next chapter,https://news.mcmaster.ca/celebrate-mcmasters-new-president-and-next-chapter/,2025-09-08T08:41:00,"<p>President Susan Tighe&#8217;s upcoming installation will be a time to celebrate the university&#8217;s vibrant community, rich history and bright future. [&#8230;]</p>
<p><a class=""btn btn-secondary understrap-read-more-link"" href=""https://news.mcmaster.ca/celebrate-mcmasters-new-president-and-next-chapter/"">Read More&#8230;</a></p>
"
Behind the ceremony: Installation traditions and symbols explained,https://news.mcmaster.ca/history-of-presidential-installation/,2025-09-08T08:39:00,"<p>A guide to the traditions and symbolism at next week&#8217;s installation ceremony for President Susan Tighe. [&#8230;]</p>
<p><a class=""btn btn-secondary understrap-read-more-link"" href=""https://news.mcmaster.ca/history-of-presidential-installation/"">Read More&#8230;</a></p>
"
Healthcare&#8217;s future problem-solvers reflect on coming to Mac,https://news.mcmaster.ca/healthcares-future-problem-solvers-reflect-on-coming-to-mac/,2025-09-05T12:23:00,"<p>Incoming students reflect on their excitement to begin their studies in one of McMaster&#8217;s most competitive and unique programs: Integrated Biomedical Engineering &#038; Health Sciences (iBioMed). [&#8230;]</p>
<p><a class=""btn btn-secondary understrap-read-more-link"" href=""https://news.mcmaster.ca/healthcares-future-problem-solvers-reflect-on-coming-to-mac/"">Read More&#8230;</a></p>
"
Democracy in action: CIVDEM students explore Indigenous representation through experiential learning,https://news.mcmaster.ca/democracy-in-action-civdem-students/,2025-09-05T12:01:00,"<p>Through a hands-on civic democracy course, McMaster students partnered with a grassroots Indigenous organization to explore representation in municipal politics. [&#8230;]</p>
<p><a class=""btn btn-secondary understrap-read-more-link"" href=""https://news.mcmaster.ca/democracy-in-action-civdem-students/"">Read More&#8230;</a></p>
"
Triplets take on campus life together this fall,https://news.mcmaster.ca/an-interdisciplinary-trio-starts-at-mcmaster-university/,2025-09-05T09:19:00,"<p>Janelle, Jayla and Jamie Litan are first-year students at McMaster. They&#8217;re studying across three faculties: Social Sciences, Business and Humanities. [&#8230;]</p>
<p><a class=""btn btn-secondary understrap-read-more-link"" href=""https://news.mcmaster.ca/an-interdisciplinary-trio-starts-at-mcmaster-university/"">Read More&#8230;</a></p>
"
From the film stage to McMaster,https://news.mcmaster.ca/from-the-film-stage-to-mcmaster/,2025-09-04T14:09:00,"<p>Meet Marcus Craig, incoming Wilson College student and actor. His credits include The Magic Schools Bus Rides Again and Women Talking. [&#8230;]</p>
<p><a class=""btn btn-secondary understrap-read-more-link"" href=""https://news.mcmaster.ca/from-the-film-stage-to-mcmaster/"">Read More&#8230;</a></p>
"
Block Biosciences: McMaster startup aims to prevent cancer from spreading to the brain,https://news.mcmaster.ca/block-biosciences-mcmaster-startup-aims-to-prevent-cancer-from-spreading-to-the-brain/,2025-09-04T12:32:00,"<p>The startup is working on a first-in-class precision medicine that will prevent secondary metastatic brain cancer. It&#8217;s an innovation that could revolutionize the future of cancer care. [&#8230;]</p>
<p><a class=""btn btn-secondary understrap-read-more-link"" href=""https://news.mcmaster.ca/block-biosciences-mcmaster-startup-aims-to-prevent-cancer-from-spreading-to-the-brain/"">Read More&#8230;</a></p>
"
Doris Sloan &#8217;45: A Mac grad for 80 years and counting,https://news.mcmaster.ca/doris-sloan-45-a-mac-grad-for-80-years-and-counting/,2025-09-04T12:05:00,"<p>At 102, Sloan is the oldest actively engaged member of the McMaster alumni family. Known for her &#8220;winsome ways and beautiful soprano voice,&#8221; she&#8217;s lived across the country, worked as a librarian, and maintained strong friendships from her university days. [&#8230;]</p>
<p><a class=""btn btn-secondary understrap-read-more-link"" href=""https://news.mcmaster.ca/doris-sloan-45-a-mac-grad-for-80-years-and-counting/"">Read More&#8230;</a></p>
"
McMaster welcomes the inaugural Wilson College cohort to campus,https://news.mcmaster.ca/mcmaster-welcomes-the-inaugural-wilson-college-cohort-to-campus/,2025-09-04T12:04:00,"<p>50 students are joining the Wilson College of Leadership and Civic Engagement this fall. [&#8230;]</p>
<p><a class=""btn btn-secondary understrap-read-more-link"" href=""https://news.mcmaster.ca/mcmaster-welcomes-the-inaugural-wilson-college-cohort-to-campus/"">Read More&#8230;</a></p>
"
Seven McMaster researchers named to Royal Society of Canada,https://news.mcmaster.ca/seven-mcmaster-researchers-named-to-royal-society-of-canada-2025/,2025-09-04T09:15:00,"<p>The four new Fellows and three new members of the College of the Royal Society have been recognized for their contributions to their disciplines, and for the excellence and impact of their work. [&#8230;]</p>
<p><a class=""btn btn-secondary understrap-read-more-link"" href=""https://news.mcmaster.ca/seven-mcmaster-researchers-named-to-royal-society-of-canada-2025/"">Read More&#8230;</a></p>
"
Researchers identify single antibody behind life-threatening reaction to common blood thinner,https://news.mcmaster.ca/researchers-identify-single-antibody-behind-life-threatening-reaction-to-common-blood-thinner/,2025-09-04T09:02:00,"<p>Researchers at McMaster University have discovered that a rare but dangerous reaction to a widely used blood thinner is caused by a single antibody &#8211; overturning decades of medical misunderstanding. [&#8230;]</p>
<p><a class=""btn btn-secondary understrap-read-more-link"" href=""https://news.mcmaster.ca/researchers-identify-single-antibody-behind-life-threatening-reaction-to-common-blood-thinner/"">Read More&#8230;</a></p>
"
Canada&#8217;s nuclear university: How McMaster is fuelling the future of nuclear,https://news.mcmaster.ca/canadas-nuclear-university/,2025-09-03T15:35:00,"<p>Global demand for nuclear experts is projected to skyrocket in the next couple of decades. With its suite of world-class facilities and immense breadth of opportunities for hands-on learning, McMaster is uniquely positioned to train tomorrow&#8217;s nuclear workforce. [&#8230;]</p>
<p><a class=""btn btn-secondary understrap-read-more-link"" href=""https://news.mcmaster.ca/canadas-nuclear-university/"">Read More&#8230;</a></p>
"
"Jenine Alkhatib: Keeper, leader, and champion of change",https://news.mcmaster.ca/jenine-alkhatib-keeper-leader-and-champion-of-change/,2025-09-03T12:34:00,"<p>The Nursing student known for building community and supporting her team is gearing up for the women&#8217;s soccer nationals, when the best players in the country will come to McMaster. [&#8230;]</p>
<p><a class=""btn btn-secondary understrap-read-more-link"" href=""https://news.mcmaster.ca/jenine-alkhatib-keeper-leader-and-champion-of-change/"">Read More&#8230;</a></p>
"
The mastermind behind Move-In: Katie Ferguson on coming home to McMaster,https://news.mcmaster.ca/the-mastermind-behind-move-in-katie-ferguson-on-coming-home-to-mcmaster/,2025-09-03T11:58:00,"<p>Ferguson leads the team that oversees one of the most complex projects at the university, coordinating 1,400 staff and volunteers to give incoming students and their families the best possible experience. [&#8230;]</p>
<p><a class=""btn btn-secondary understrap-read-more-link"" href=""https://news.mcmaster.ca/the-mastermind-behind-move-in-katie-ferguson-on-coming-home-to-mcmaster/"">Read More&#8230;</a></p>
"
Undergrad students showcase nuclear research from summer program,https://news.mcmaster.ca/undergrad-students-showcase-nuclear-research-from-summer-program/,2025-09-02T11:28:00,"<p>McMaster science and engineering students shared the nuclear research projects they led this summer as part of a unique experiential learning program. [&#8230;]</p>
<p><a class=""btn btn-secondary understrap-read-more-link"" href=""https://news.mcmaster.ca/undergrad-students-showcase-nuclear-research-from-summer-program/"">Read More&#8230;</a></p>
"
"A unique, hands-on experience for a new generation of nuclear experts",https://news.mcmaster.ca/new-generation-of-nuclear-experts-cnl-chalk-river-undergraduate-research-assistants/,2025-09-02T11:26:00,"<p>Twelve undergraduate students spent the summer as Canadian Nuclear Laboratories research assistants. From nuclear-related research at McMaster to working alongside scientists at Canada&#8217;s national nuclear lab in Chalk River, &#8220;the learning was non-stop.&#8221; [&#8230;]</p>
<p><a class=""btn btn-secondary understrap-read-more-link"" href=""https://news.mcmaster.ca/new-generation-of-nuclear-experts-cnl-chalk-river-undergraduate-research-assistants/"">Read More&#8230;</a></p>
"
McMaster Homecoming 2025 is just around the corner,https://news.mcmaster.ca/mcmaster-homecoming-2025-is-just-around-the-corner/,2025-09-02T08:55:00,"<p>The McMaster Students Union, in partnership with Student Affairs, is hosting a range of fun activities to welcome students to campus this fall. [&#8230;]</p>
<p><a class=""btn btn-secondary understrap-read-more-link"" href=""https://news.mcmaster.ca/mcmaster-homecoming-2025-is-just-around-the-corner/"">Read More&#8230;</a></p>
"
Welcome to MARC: A world-class innovation hub driving the future of electric transportation,https://news.mcmaster.ca/welcome-to-marc-world-class-innovation-hub-future-of-electric-transportation/,2025-08-29T15:01:00,"<p>At the McMaster Automotive Resource Centre, students and researchers develop and test innovative vehicle technologies, often working with with auto makers, for tangible, real-world results. [&#8230;]</p>
<p><a class=""btn btn-secondary understrap-read-more-link"" href=""https://news.mcmaster.ca/welcome-to-marc-world-class-innovation-hub-future-of-electric-transportation/"">Read More&#8230;</a></p>
"
&#8216;We absolutely need to smash down the walls of respectability&#8217;,https://news.mcmaster.ca/drew-beaupre-the-walls-of-respectability/,2025-08-29T14:39:00,"<p>Drew Beaupre is familiar with poverty &#8211; and the unspoken pressure to hide that part of his identity to fit in. Heading into his master&#8217;s degree, he is determined to fight elitism and help impoverished people get into and thrive at university. [&#8230;]</p>
<p><a class=""btn btn-secondary understrap-read-more-link"" href=""https://news.mcmaster.ca/drew-beaupre-the-walls-of-respectability/"">Read More&#8230;</a></p>
"
In photos: Welcome Week 2025,https://news.mcmaster.ca/in-photos-welcome-week-2025/,2025-08-29T12:24:00,"<p>What a week it&#8217;s been! Relive the cheers, the joy, the vibes and the unbelievable energy of the reps at Welcome Week 2025. [&#8230;]</p>
<p><a class=""btn btn-secondary understrap-read-more-link"" href=""https://news.mcmaster.ca/in-photos-welcome-week-2025/"">Read More&#8230;</a></p>
"
"Analysis: Netflix&#8217;s &#8216;Mo&#8217; delivers humour, heartache as it explores Israel-Gaza war and Palestinian and Mexican migrant life in the U.S.",https://news.mcmaster.ca/analysis-netflixs-mo/,2025-08-29T12:18:00,"<p>&#8216;Mo&#8217; uses the comedy-drama format to address difficult and divisive issues such as immigration in America and the Israel-Gaza war in an accessible format, writes Faiza Hirji. [&#8230;]</p>
<p><a class=""btn btn-secondary understrap-read-more-link"" href=""https://news.mcmaster.ca/analysis-netflixs-mo/"">Read More&#8230;</a></p>
"
President Tighe names Nancy McKenzie to support the creation of a new strategic plan for McMaster,https://news.mcmaster.ca/president-tighe-names-nancy-mckenzie-to-support-the-creation-of-a-new-strategic-plan-for-mcmaster/,2025-08-28T16:18:00,"<p>McMaster President and Vice Chancellor Susan Tighe has seconded Dr. Nancy McKenzie to her team for a two-year appointment as Director, Strategic Planning. [&#8230;]</p>
<p><a class=""btn btn-secondary understrap-read-more-link"" href=""https://news.mcmaster.ca/president-tighe-names-nancy-mckenzie-to-support-the-creation-of-a-new-strategic-plan-for-mcmaster/"">Read More&#8230;</a></p>
"
Wilson Institute for Canadian History welcomes new director Kristine Alexander,https://news.mcmaster.ca/wilson-institute-for-canadian-history-welcomes-new-director-kristine-alexander/,2025-08-28T10:57:00,"<p>A Q&#038;A with historian Kristine Alexander about her research and her new role as director of the Wilson Institute for Canadian History. [&#8230;]</p>
<p><a class=""btn btn-secondary understrap-read-more-link"" href=""https://news.mcmaster.ca/wilson-institute-for-canadian-history-welcomes-new-director-kristine-alexander/"">Read More&#8230;</a></p>
"
Author and STEM advocate joins Wilson College inaugural class,https://news.mcmaster.ca/published-author-joins-wilson-college-inaugural-class/,2025-08-28T10:25:00,"<p>Wilson-Zegil has worked as a freelance columnist, led outreach events to get kids into STEM, and published two children&#8217;s books about robots. She&#8217;s part of the inaugural class in Wilson College&#8217;s Leadership &#038; Civic Studies program. [&#8230;]</p>
<p><a class=""btn btn-secondary understrap-read-more-link"" href=""https://news.mcmaster.ca/published-author-joins-wilson-college-inaugural-class/"">Read More&#8230;</a></p>
"
Debbie Martin to retire after more than three decades of leadership at McMaster,https://news.mcmaster.ca/debbie-martin-to-retire-after-more-than-three-decades-of-leadership-at-mcmaster/,2025-08-27T14:33:00,"<p>Debbie Martin, Associate Vice-President of Real Estate, Ancillary Operations and Partnerships (REAP), will be retiring on December 31, 2025, following a remarkable career spanning more than three decades at McMaster. [&#8230;]</p>
<p><a class=""btn btn-secondary understrap-read-more-link"" href=""https://news.mcmaster.ca/debbie-martin-to-retire-after-more-than-three-decades-of-leadership-at-mcmaster/"">Read More&#8230;</a></p>
"
"Meet Saumiya Balasubramaniam, the Mabel Pugh Taylor Writer in Residence",https://news.mcmaster.ca/meet-saumiya-balasubramaniam-the-mabel-pugh-taylor-writer-in-residence/,2025-08-27T09:01:00,"<p>During her residency, the Toronto-based writer will work on a memoir, connect with community members and mentor creative writers through workshops and one-on-one consultations. [&#8230;]</p>
<p><a class=""btn btn-secondary understrap-read-more-link"" href=""https://news.mcmaster.ca/meet-saumiya-balasubramaniam-the-mabel-pugh-taylor-writer-in-residence/"">Read More&#8230;</a></p>
"
&#8216;A day of joy&#8217;: McMaster student organizing upcoming Hamilton festival,https://news.mcmaster.ca/a-day-of-joy-mcmaster-student-organizing-upcoming-hamilton-festival/,2025-08-26T15:11:00,"<p>Margaret Qin has run several art markets, aimed at reducing barriers for student creatives. Now, she&#8217;s putting on a festival for the whole city. [&#8230;]</p>
<p><a class=""btn btn-secondary understrap-read-more-link"" href=""https://news.mcmaster.ca/a-day-of-joy-mcmaster-student-organizing-upcoming-hamilton-festival/"">Read More&#8230;</a></p>
"
Postdoc&#8217;s augmented reality solution makes pain management more accessible,https://news.mcmaster.ca/postdoc-entrepreneur-stevie-foglia-neuromod-augmented-reality-solution-for-pain-management/,2025-08-26T13:17:00,"<p>Researcher and entrepreneur Stevie Foglia founded the startup Neuro-Mod, which offers augmented reality solutions for pain management, with the support of McMaster&#8217;s Postdoc Entrepreneur Fellowship. [&#8230;]</p>
<p><a class=""btn btn-secondary understrap-read-more-link"" href=""https://news.mcmaster.ca/postdoc-entrepreneur-stevie-foglia-neuromod-augmented-reality-solution-for-pain-management/"">Read More&#8230;</a></p>
"
Five big ideas about sustainable finance with Rui Duan,https://news.mcmaster.ca/five-big-ideas-about-sustainable-finance-with-rui-duan/,2025-08-26T12:23:00,"<p>The sustainable finance expert explores the dynamic interplay between environmental regulations, global capital flows and corporate environmental strategy. [&#8230;]</p>
<p><a class=""btn btn-secondary understrap-read-more-link"" href=""https://news.mcmaster.ca/five-big-ideas-about-sustainable-finance-with-rui-duan/"">Read More&#8230;</a></p>
"
MCM grad wins international award for research on digital trust,https://news.mcmaster.ca/mcm-grad-wins-international-award-for-research-on-digital-trust/,2025-08-25T15:27:00,"<p>Kevin Floether&#8217;s thesis on influencers and their impact on their followers&#8217; buying decisions earned him the  Institute of Public Relations&#8217; prestigious Master&#8217;s Thesis of the Year Award. [&#8230;]</p>
<p><a class=""btn btn-secondary understrap-read-more-link"" href=""https://news.mcmaster.ca/mcm-grad-wins-international-award-for-research-on-digital-trust/"">Read More&#8230;</a></p>
"
"Animal protein not linked to higher mortality risk, study finds",https://news.mcmaster.ca/animal-protein-not-linked-to-higher-mortality-risk-study-finds/,2025-08-22T11:53:00,"<p>Examining how much animal and plant protein people typically consume, researchers found no increased risk of death associated with higher intake of animal protein. [&#8230;]</p>
<p><a class=""btn btn-secondary understrap-read-more-link"" href=""https://news.mcmaster.ca/animal-protein-not-linked-to-higher-mortality-risk-study-finds/"">Read More&#8230;</a></p>
"
"Global study shows racialized, Indigenous communities face higher burden of heart disease made worse by data gaps",https://news.mcmaster.ca/global-study-shows-racialized-indigenous-communities-face-higher-burden-of-heart-disease-made-worse-by-data-gaps/,2025-08-22T11:27:00,"<p>The study highlights the inconsistent collection and reporting of racial data in health-care systems globally, a gap that limits the ability to identify high-risk groups for CVD, tailor prevention and treatment, and design policies that address the risk. [&#8230;]</p>
<p><a class=""btn btn-secondary understrap-read-more-link"" href=""https://news.mcmaster.ca/global-study-shows-racialized-indigenous-communities-face-higher-burden-of-heart-disease-made-worse-by-data-gaps/"">Read More&#8230;</a></p>
"
President Tighe appoints two senior leaders to her team,https://news.mcmaster.ca/president-tighe-appoints-two-senior-leaders-to-her-team/,2025-08-21T11:00:00,"<p>Clare Mitchell will join the Office of the President as Chief of Staff and Senior Advisor to the President, and Alexandra (Alex) Lawson will join the President&#8217;s team on a one-year secondment in a newly created role of Special Advisor, Institutional Initiatives. [&#8230;]</p>
<p><a class=""btn btn-secondary understrap-read-more-link"" href=""https://news.mcmaster.ca/president-tighe-appoints-two-senior-leaders-to-her-team/"">Read More&#8230;</a></p>
"
Medical student Donny Li receives 2025 CMHF Award,https://news.mcmaster.ca/medical-student-donny-li-receives-2025-cmhf-award/,2025-08-20T15:33:00,"<p>The award recognizes medical students who have demonstrated outstanding community leadership, superior communication skills and a strong commitment to advancing medical knowledge. [&#8230;]</p>
<p><a class=""btn btn-secondary understrap-read-more-link"" href=""https://news.mcmaster.ca/medical-student-donny-li-receives-2025-cmhf-award/"">Read More&#8230;</a></p>
"
"Analysis: Size matters, but so does beauty and vigour &#8211; at least when it comes to peacocks",https://news.mcmaster.ca/analysis-beauty-vigour-and-sexual-selection-in-peacocks/,2025-08-20T14:04:00,"<p>Charles Darwin used peacock tails to support his theory of sexual selection, but new research indicates the matter is more complex. [&#8230;]</p>
<p><a class=""btn btn-secondary understrap-read-more-link"" href=""https://news.mcmaster.ca/analysis-beauty-vigour-and-sexual-selection-in-peacocks/"">Read More&#8230;</a></p>
"
Welcome to the neighbourhood,https://news.mcmaster.ca/2025-good-neighbour/,2025-08-20T09:53:00,"<p>The annual Good Neighbour campaign reminds our students that they&#8217;re part of a vibrant community and encourages them to get to know the people who live and work around them. [&#8230;]</p>
<p><a class=""btn btn-secondary understrap-read-more-link"" href=""https://news.mcmaster.ca/2025-good-neighbour/"">Read More&#8230;</a></p>
"
Analysis: Air Canada flight attendant &#8216;unlawful&#8217; strike exposes major fault lines in Canadian labour law,https://news.mcmaster.ca/analysis-air-canada-flight-attendant-strike-exposes-major-fault-lines-in-canadian-labour-law/,2025-08-19T15:28:00,"<p>The dispute exposes several fault lines in Canada around work, how we value it and how the law impacts workers, writes Gerard Di Trolio [&#8230;]</p>
<p><a class=""btn btn-secondary understrap-read-more-link"" href=""https://news.mcmaster.ca/analysis-air-canada-flight-attendant-strike-exposes-major-fault-lines-in-canadian-labour-law/"">Read More&#8230;</a></p>
"
Friends suit up one last time for Welcome Week,https://news.mcmaster.ca/friends-suit-up-one-last-time-for-welcome-week/,2025-08-19T12:24:00,"<p>Science students Ava Dryden and Alice Payne met at Welcome Week in their first year. Four years later, they&#8217;re  suiting up as Welcome Week co-planners, giving more than 2,000 incoming students an unforgettable experience. [&#8230;]</p>
<p><a class=""btn btn-secondary understrap-read-more-link"" href=""https://news.mcmaster.ca/friends-suit-up-one-last-time-for-welcome-week/"">Read More&#8230;</a></p>
"
